Trento 3-2,https://drive.google.com/file/d/164J99XDXXid1xYwj6LWSA8_vHRYpurWU/view?usp=drive_link
Lancaster Esquinero,https://drive.google.com/file/d/19vyzEbaq4NP3YaCM0ecNPnbpUCouPuTJ/view?usp=drive_link
Florencia 3-2,https://drive.google.com/file/d/1XVzFbSBCqMSYqtzV7XmzXj9X-7rKdygz/view?usp=drive_link 
Palermo 3-2,https://drive.google.com/file/d/1ATyDkhuJx93KCjxsb2uDALJxqvAsGORD/view?usp=drive_link
Luxury 3-2,https://drive.google.com/file/d/1ViGJdrvE5QtzIaVlAxWAVQPikx4J_Bzb/view?usp=drive_link
Turin 3-2,https://drive.google.com/file/d/1jVdefzgl8WUXbVQkhzQ1i3FcozXaTV1E/view?usp=drive_link
Forte 3-2,https://drive.google.com/file/d/1bJX7z5fiYUoUwJlOCoR6lDdgKEY2397D/view?usp=drive_link
Francesco 3-2,https://drive.google.com/file/d/10JKas1lcUYmjC4SwTVYTHsDOw5EhJbWG/view?usp=drive_link
Conti Esquinero,https://drive.google.com/file/d/1DlU6r4oulda_uRJjqO0T0OTbnkL2ttt8/view?usp=drive_link
Vibrato Modulos,https://drive.google.com/file/d/1FcWrKE7XqLKW14i75aEFkBBP2aAUjzAr/view?usp=drive_link
Sanders Esquinero,https://drive.google.com/file/d/1u_ycYooEKDFGP4nOjEVfuJFa_pPpu0xC/view?usp=drive_link 
Sanders 3-2,https://drive.google.com/file/d/1CmsVDXglnV_C7QaI_G6fpksQ53GL7BmE/view?usp=drive_link
Brooks 3-2,https://drive.google.com/file/d/1gsSweRy-12HuHFolGv5MdtrqIPUdKJFw/view?usp=drive_link
Aldo Esquinero,https://drive.google.com/file/d/19X1kLj3TVSicgUoYLLg_-RnSyUSS8hmn/view?usp=drive_link 
Opus Esquinero,https://drive.google.com/file/d/1u4RsAAEDgozzVXdlGZmSBjmlQjfA-ges/view?usp=drive_link 
Cornelia Esquinero,https://drive.google.com/file/d/1_0ZNytD5yGMgJvb6ytbzDHkI_o7hfOm7/view?usp=drive_link 
Jazz Esquinero,https://drive.google.com/file/d/1e49Fn_E1t-pHCWlvjGznkRtfR1aW1O18/view?usp=drive_link 
Arezzo Esquinero,https://drive.google.com/file/d/1a8Y_XRfzIV5H1MlZjkLEyWSqAHIxJL-6/view?usp=drive_link
Nero Sillón 1,https://drive.google.com/file/d/1MLrqt88ubptvqKknCQVo6WZfPc_JUk-g/view?usp=drive_link
Nero Sillón 2,https://drive.google.com/file/d/1MLrqt88ubptvqKknCQVo6WZfPc_JUk-g/view?usp=drive_link
Tutti Sillón 1,https://drive.google.com/file/d/1QK6MluW_o3zxHbNS-CkDGETvJnuAWAjd/view?usp=drive_link 
Tutti Sillón 2,https://drive.google.com/file/d/1QK6MluW_o3zxHbNS-CkDGETvJnuAWAjd/view?usp=drive_link 
Tutti Sillón 3,https://drive.google.com/file/d/1QK6MluW_o3zxHbNS-CkDGETvJnuAWAjd/view?usp=drive_link 
Arpeggio Sillón,https://drive.google.com/file/d/1wrNhvk4MA1cHLccop7LXOlhfgfm7sff9/view?usp=drive_link
Súbito Sillón 1,https://drive.google.com/file/d/1hgL0QnI0ZgHRiyMxcLF8hdyeWV0NTq06/view?usp=drive_link
Súbito Sillón 2,https://drive.google.com/file/d/1hgL0QnI0ZgHRiyMxcLF8hdyeWV0NTq06/view?usp=drive_link
Benci Sillón,https://drive.google.com/file/d/1fvu9RhrP6p8zvOcTwa6Q9cD6wZpNrnJv/view?usp=drive_link
JKY-5001,https://drive.google.com/file/d/1hPnor79mV8q7vyb0nqeFpOLfDBp5WciM/view?usp=drive_link
JKY-9181,https://drive.google.com/file/d/1IL5ofP6SmA3_oReFmmho-UMQeWKypAl_/view?usp=drive_link
JKY-9187,https://drive.google.com/file/d/15iVErywZj3jsKIdQwj083j2F2eVFTtLd/view?usp=drive_link 
JKY-9206,https://drive.google.com/file/d/1kE-3BSt3jK8Kgk4fhLH3OKdrCZ6ENF__/view?usp=drive_link 
JKY-9204,https://drive.google.com/file/d/173LsFnsMGRj6ZlKlIZ76jMeNjOOw50m0/view?usp=drive_link 
JKY-9223-ESQ,https://drive.google.com/file/d/1pkfSCaA-2vKogl4T8YfRhnNYleScsIc0/view?usp=drive_link 
JKY-9206-ESQ,https://drive.google.com/file/d/1Z_UhqSC5gtVqAmBRzI5vrXfQuOa1F3vj/view?usp=drive_link 
ESH-8438,https://drive.google.com/file/d/1yAdkp_n43yFYhBQTpfJhV5qFVIpZvVC_/view?usp=drive_link 
ESH-8438-1,https://drive.google.com/file/d/1uMPNaX0H-VyFdB6gI9GhDYl-gsq_vi80/view?usp=drive_link 
ESH-8449,https://drive.google.com/file/d/1Ijs65Uiy8EDotB5w6zM2BZ9313nxOenx/view?usp=drive_link 
ESH-8449-1,https://drive.google.com/file/d/1v6Q5yp68ogEGaUkXpWadCL0YISwIlFLs/view?usp=drive_link 
ESH-8362-ESQ,https://drive.google.com/file/d/1je5pE97JDwNt8JeU7SXabUum8DeUZvi5/view?usp=drive_link 
ESH-8021-ESQ,https://drive.google.com/file/d/1OB-qsU79SRsmyx392_xxDVXDs7KOX_u0/view?usp=drive_link 
CHY-8391,https://drive.google.com/file/d/115Y04xu9uKBvg-Spk455iTEficxatsSX/view?usp=drive_link 
CHY-8391-1,https://drive.google.com/file/d/1GBLDm1hbrJcv5MKlC1hqD2FIxwsWab1k/view?usp=drive_link
CHY-8489,https://drive.google.com/file/d/13G2XEOvyHYMDGEv47zSftrqgUbzR8GF2/view?usp=drive_link 
CHY-8489-1,https://drive.google.com/file/d/1X41G2Z3CC4hgmA7UKgJr4tRucvUoc8J2/view?usp=drive_link 
CHY-8420-MOD,https://drive.google.com/file/d/1EE8E8atfY84DFl7wT0MUmI_e9_zoV190/view?usp=drive_link
CHY-8486-ESQ,https://drive.google.com/file/d/184cY6JL4oy9KDOzxK-2PFkRUU4lP4dvI/view?usp=drive_link  
DF159,https://drive.google.com/file/d/1zkpFr4XE9BP2d85ZMatstzNtGkOAFWCy/view?usp=drive_link 
DF9041T,https://drive.google.com/file/d/17-bqTq0VxIP-mpTAUXe1eY9GTPKuS2VL/view?usp=drive_link
DF0034,https://drive.google.com/file/d/17mgydNwZ8Om14AklCncjalKftbwt-13I/view?usp=drive_link
T990-1,https://drive.google.com/file/d/10SK1HmYdeDQ8tCiLrDM4XYStq-vh4HWl/view?usp=drive_link 
T990-2,https://drive.google.com/file/d/10SK1HmYdeDQ8tCiLrDM4XYStq-vh4HWl/view?usp=drive_link 
T990-3,https://drive.google.com/file/d/10SK1HmYdeDQ8tCiLrDM4XYStq-vh4HWl/view?usp=drive_link 
T1035-1,https://drive.google.com/file/d/1jAC0r_cPb3P6y4LAgojbxGJDpZ7eaD9M/view?usp=drive_link 
T1035-2,https://drive.google.com/file/d/1jAC0r_cPb3P6y4LAgojbxGJDpZ7eaD9M/view?usp=drive_link 
T1035-3,https://drive.google.com/file/d/1jAC0r_cPb3P6y4LAgojbxGJDpZ7eaD9M/view?usp=drive_link 
T1035-4,https://drive.google.com/file/d/1jAC0r_cPb3P6y4LAgojbxGJDpZ7eaD9M/view?usp=drive_link 
T1036-1,https://drive.google.com/file/d/1JUbfyN4l-x0jt3XPp2jpP5QQX83bTOul/view?usp=drive_link
T1036-2,https://drive.google.com/file/d/1JUbfyN4l-x0jt3XPp2jpP5QQX83bTOul/view?usp=drive_link
T1036-3,https://drive.google.com/file/d/1JUbfyN4l-x0jt3XPp2jpP5QQX83bTOul/view?usp=drive_link
T1036-4,https://drive.google.com/file/d/1JUbfyN4l-x0jt3XPp2jpP5QQX83bTOul/view?usp=drive_link
1850-1,https://drive.google.com/file/d/1k8az2awwLRuZD6XhWQFjlgUOD-mUiFs1/view?usp=drive_link 
1850-2,https://drive.google.com/file/d/1k8az2awwLRuZD6XhWQFjlgUOD-mUiFs1/view?usp=drive_link 
1850-3,https://drive.google.com/file/d/1k8az2awwLRuZD6XhWQFjlgUOD-mUiFs1/view?usp=drive_link 
1850-4,https://drive.google.com/file/d/1k8az2awwLRuZD6XhWQFjlgUOD-mUiFs1/view?usp=drive_link 
DT-51,https://drive.google.com/file/d/15XedHZgMcnkbuz-Ea3X-GTjnbj4gduRc/view?usp=drive_link 
CS-50,https://drive.google.com/file/d/1PaUSUchcjKwRkPng2dSmGN3h9YE-qe-4/view?usp=drive_link 
MESAS X-1,https://drive.google.com/file/d/1lF82Hhp_ATtysvtGmbEUDoVFH7f24xzN/view?usp=drive_link 
MESAS X-2,https://drive.google.com/file/d/1lF82Hhp_ATtysvtGmbEUDoVFH7f24xzN/view?usp=drive_link 
MESAS X-3,https://drive.google.com/file/d/1lF82Hhp_ATtysvtGmbEUDoVFH7f24xzN/view?usp=drive_link 
2310-1,https://drive.google.com/file/d/1hqZ6iBZ48zbfO4jzIaemWl7siNfqGVt_/view?usp=drive_link 
2310-2,https://drive.google.com/file/d/1hqZ6iBZ48zbfO4jzIaemWl7siNfqGVt_/view?usp=drive_link 
D1130,https://drive.google.com/file/d/1Yy4UDJKgd9YaGNXlyITMt6QelaZHCrLz/view?usp=drive_link 
D1135,https://drive.google.com/file/d/1WtMzkwv-9jrmomhrzDCow6PZTDlHIrsW/view?usp=drive_link 
GRECY 1132-1,https://drive.google.com/file/d/1MCVKD8z9s4fZxd1pojqor2LP8obLNM5L/view?usp=drive_link 
GRECY 1132-2,https://drive.google.com/file/d/1MCVKD8z9s4fZxd1pojqor2LP8obLNM5L/view?usp=drive_link 
GRECY 1132-3,https://drive.google.com/file/d/1MCVKD8z9s4fZxd1pojqor2LP8obLNM5L/view?usp=drive_link 
1098-1,https://drive.google.com/file/d/1PNYrh037HnhmRSkmb-zzjZQyUgzxja0O/view?usp=drive_link
1098-2,https://drive.google.com/file/d/1PNYrh037HnhmRSkmb-zzjZQyUgzxja0O/view?usp=drive_link
DIAMOND-1,https://drive.google.com/file/d/16UPv_x8Zzb5w_nLh2BZgQJM3ZoApxzYP/view?usp=drive_link
DIAMOND-2,https://drive.google.com/file/d/16UPv_x8Zzb5w_nLh2BZgQJM3ZoApxzYP/view?usp=drive_link
BLACK,https://drive.google.com/file/d/1mqNR4gtOz42Mec_Jjn5lEDrKbOkdqZN9/view?usp=drive_link
ARANZA-1,https://drive.google.com/file/d/1RCu-DxYrTl1sS0y6xSMoEqXYJ3ZyXG9a/view?usp=drive_link
ARANZA-2,https://drive.google.com/file/d/1RCu-DxYrTl1sS0y6xSMoEqXYJ3ZyXG9a/view?usp=drive_link
ARANZA-3,https://drive.google.com/file/d/1RCu-DxYrTl1sS0y6xSMoEqXYJ3ZyXG9a/view?usp=drive_link
MESA DE CENTRO REDONDA DOBLE-1,https://drive.google.com/file/d/1xHVtktsrQPRwE51cyNU0KDQW6M-DWXSY/view?usp=drive_link
MESA DE CENTRO REDONDA DOBLE-2,https://drive.google.com/file/d/1xHVtktsrQPRwE51cyNU0KDQW6M-DWXSY/view?usp=drive_link
MESA DE CENTRO CUADRADA DOBLE-1,https://drive.google.com/file/d/1O9P_9c2fmro2NE5nFS7Q4TyO6FHI4Kwj/view?usp=drive_link
MESA DE CENTRO CUADRADA DOBLE-2,https://drive.google.com/file/d/1O9P_9c2fmro2NE5nFS7Q4TyO6FHI4Kwj/view?usp=drive_link
MESA DE CENTRO CILINDRO,https://drive.google.com/file/d/12dR6Z5ilM5tXNKNI7mKJpsDSguzVkeSJ/view?usp=drive_link
DF2223,https://drive.google.com/file/d/1xaSCxF9zDJuVcMoSU4mf7sqwb_zMQFwd/view?usp=drive_link
DF2310,https://drive.google.com/file/d/1jmZTgMDd37H1XlsQcS9Nc0RzEZfTNH62/view?usp=drive_link
DF2346,https://drive.google.com/file/d/1M8XvxqYhdPEoBLvB1e-RUMYtBfUfOqHL/view?usp=drive_link
FT254-1,https://drive.google.com/file/d/1aNRzfwAej8SCQFOgm5Wj2U9Kl3siT1-d/view?usp=drive_link
FT254-2,https://drive.google.com/file/d/1aNRzfwAej8SCQFOgm5Wj2U9Kl3siT1-d/view?usp=drive_link
Y1214-1,https://drive.google.com/file/d/1ZYK8Exz_GcUaf9vLU2C2ht265aiDuST3/view?usp=drive_link
Y1214-2,https://drive.google.com/file/d/1ZYK8Exz_GcUaf9vLU2C2ht265aiDuST3/view?usp=drive_link
Y1214-3,https://drive.google.com/file/d/1ZYK8Exz_GcUaf9vLU2C2ht265aiDuST3/view?usp=drive_link
Y1019-1,https://drive.google.com/file/d/1eZu4mXM9NUowiBjYBnl53KlWhjHQ36YI/view?usp=drive_link
Y1019-2,https://drive.google.com/file/d/1eZu4mXM9NUowiBjYBnl53KlWhjHQ36YI/view?usp=drive_link
Y1019-3,https://drive.google.com/file/d/1eZu4mXM9NUowiBjYBnl53KlWhjHQ36YI/view?usp=drive_link
YQ008,https://drive.google.com/file/d/1Da4l8wwsZYgEBLqSs-CiWDZ309RIJ8Wf/view?usp=drive_link
Y321,https://drive.google.com/file/d/1Wek5_BV4FcQL-MHGNw9XGUHWjQoWl75g/view?usp=drive_link
Y322-1,https://drive.google.com/file/d/1ABFTLY42LFb8a2djqEsTjwntWe32ws5_/view?usp=drive_link
Y322-2,https://drive.google.com/file/d/1ABFTLY42LFb8a2djqEsTjwntWe32ws5_/view?usp=drive_link
Y322-3,https://drive.google.com/file/d/1ABFTLY42LFb8a2djqEsTjwntWe32ws5_/view?usp=drive_link
SILLA ZIPPER YW05-1,https://drive.google.com/file/d/1jj7-YOIoBa-ABQMGHdTMd3vxszkwbMdm/view?usp=drive_link 
SILLA ZIPPER YW05-2,https://drive.google.com/file/d/1jj7-YOIoBa-ABQMGHdTMd3vxszkwbMdm/view?usp=drive_link 
SILLA ZIPPER YW05-3,https://drive.google.com/file/d/1jj7-YOIoBa-ABQMGHdTMd3vxszkwbMdm/view?usp=drive_link 
YW1136,https://drive.google.com/file/d/1dKGhK5CJBF63WJxncmEUzsKA8wib6cfs/view?usp=drive_link
